timestamp,lat,lon,vel,elev,prox,warninglight
a23:14:4.0 28/11/2017,37.8668,-122.2622,0.75,61.8,0,0
a23:14:6.0 28/11/2017,37.8668,-122.2622,0.75,51.3,1,0
a23:14:8.984 28/11/2017,37.8667,-122.2622,0.17,51.3,1,0
a23:14:11.0 28/11/2017,37.8667,-122.2622,0.39,51.3,1,0
a23:14:14.0 28/11/2017,37.8667,-122.2622,0.28,51.3,0,0
a23:14:16.0 28/11/2017,37.8667,-122.2622,0.19,51.3,0,0
a23:14:16.984 28/11/2017,37.8667,-122.2622,0.23,51.3,0,0
a23:14:18.0 28/11/2017,37.8667,-122.2622,0.23,51.3,0,0
a23:14:20.0 28/11/2017,37.8667,-122.2622,0.06,51.3,0,0
a23:14:20.984 28/11/2017,37.8667,-122.2622,0.04,51.3,0,0
a23:14:23.0 28/11/2017,37.8667,-122.2622,0.13,51.3,0,0
a23:14:24.0 28/11/2017,37.8667,-122.2622,0.23,51.3,0,0
a23:14:24.984 28/11/2017,37.8667,-122.2622,0.32,51.3,0,0
a23:14:27.0 28/11/2017,37.8667,-122.2622,0.17,51.3,0,0
a23:14:28.0 28/11/2017,37.8667,-122.2622,0.19,51.3,0,0
a23:14:28.984 28/11/2017,37.8667,-122.2622,0.08,51.3,0,0
a23:14:31.0 28/11/2017,37.8667,-122.2622,0.07,51.3,0,0
a23:14:32.0 28/11/2017,37.8667,-122.2622,0.11,51.3,0,0
a23:14:34.0 28/11/2017,37.8667,-122.2622,0.06,51.3,0,0
a23:14:35.0 28/11/2017,37.8667,-122.2622,0.01,51.3,0,0
a23:14:36.0 28/11/2017,37.8667,-122.2622,0.01,51.3,0,0
a23:14:38.0 28/11/2017,37.8667,-122.2622,0.02,51.3,0,0
a23:14:39.0 28/11/2017,37.8667,-122.2622,0.03,51.3,0,0
a23:14:40.0 28/11/2017,37.8667,-122.2622,0.01,51.3,0,0
a23:14:42.0 28/11/2017,37.8667,-122.2622,0.02,51.3,0,0
a23:14:43.0 28/11/2017,37.8667,-122.2622,0.01,51.3,0,0
a23:14:44.984 28/11/2017,37.8667,-122.2622,0.02,51.3,0,0
a23:14:46.0 28/11/2017,37.8667,-122.2622,0.01,51.3,0,0
a23:14:47.0 28/11/2017,37.8667,-122.2622,0.02,51.3,0,0
a23:14:48.984 28/11/2017,37.8667,-122.2622,0,51.3,0,0
a23:14:50.0 28/11/2017,37.8667,-122.2622,0.01,51.3,0,0
a23:14:51.0 28/11/2017,37.8667,-122.2622,0.02,51.3,0,0
a23:14:52.984 28/11/2017,37.8667,-122.2622,0,51.3,0,0
a23:14:54.0 28/11/2017,37.8667,-122.2622,0,51.3,0,0
a23:14:56.0 28/11/2017,37.8667,-122.2622,0,68.9,0,0
a23:14:56.984 28/11/2017,37.8667,-122.2622,0.01,68.9,0,0
a23:14:58.0 28/11/2017,37.8667,-122.2622,0.01,68.9,0,0
a23:15:0.0 28/11/2017,37.8667,-122.2622,0.01,68.9,0,0
a23:15:0.984 28/11/2017,37.8667,-122.2622,0.01,68.9,0,0
a23:15:2.0 28/11/2017,37.8667,-122.2622,0.01,68.9,0,0
a23:15:4.0 28/11/2017,37.8667,-122.2622,0.01,68.9,0,0
a23:15:4.984 28/11/2017,37.8667,-122.2622,0,68.9,0,0
a23:15:6.0 28/11/2017,37.8667,-122.2622,0.01,68.9,0,0
a23:15:8.0 28/11/2017,37.8667,-122.2622,0.01,68.9,0,0
a23:15:8.984 28/11/2017,37.8667,-122.2622,0.01,68.9,0,0
a23:15:11.0 28/11/2017,37.8667,-122.2622,0.02,68.9,0,0
a23:15:12.0 28/11/2017,37.8667,-122.2622,0,68.9,0,0
a23:15:12.984 28/11/2017,37.8667,-122.2622,0.02,68.9,0,0
a23:15:15.0 28/11/2017,37.8667,-122.2622,0,68.9,0,0
a23:15:16.0 28/11/2017,37.8667,-122.2622,0.01,68.9,0,0
a23:15:16.984 28/11/2017,37.8667,-122.2622,0,68.9,0,0
a23:15:19.0 28/11/2017,37.8667,-122.2622,0.01,68.9,0,0
a23:15:20.0 28/11/2017,37.8667,-122.2622,0,68.9,0,0
a23:15:22.0 28/11/2017,37.8667,-122.2622,0,68.9,0,0
a23:15:23.0 28/11/2017,37.8667,-122.2622,0.02,68.9,0,0
a23:15:24.0 28/11/2017,37.8667,-122.2622,0.02,68.9,0,0
a23:15:26.0 28/11/2017,37.8667,-122.2622,0.01,68.9,0,0
a23:15:27.0 28/11/2017,37.8667,-122.2622,0.01,68.9,0,0
a23:15:28.0 28/11/2017,37.8667,-122.2622,0,68.9,0,0
a23:15:30.0 28/11/2017,37.8667,-122.2622,0.01,68.9,0,0
a23:15:31.0 28/11/2017,37.8667,-122.2622,0.03,68.9,0,0
a23:15:32.984 28/11/2017,37.8667,-122.2622,0.02,68.9,0,0
a23:15:34.0 28/11/2017,37.8667,-122.2622,0.02,68.9,0,0
a23:15:35.0 28/11/2017,37.8667,-122.2622,0.01,68.9,0,0
a23:15:36.984 28/11/2017,37.8667,-122.2622,0.01,68.9,0,0
a23:15:38.0 28/11/2017,37.8667,-122.2622,0,68.9,0,0
a23:15:39.0 28/11/2017,37.8667,-122.2622,0.01,68.9,0,0
a23:15:40.984 28/11/2017,37.8667,-122.2622,0.01,68.9,0,0
a23:15:42.0 28/11/2017,37.8667,-122.2622,0,68.9,0,0
a23:15:44.0 28/11/2017,37.8667,-122.2622,0,68.9,0,0
a23:15:44.984 28/11/2017,37.8667,-122.2622,0,68.9,0,0
a23:15:46.0 28/11/2017,37.8667,-122.2622,0,68.9,0,0
a23:15:48.0 28/11/2017,37.8667,-122.2622,0,68.9,0,0
a23:15:48.984 28/11/2017,37.8667,-122.2622,0.01,68.9,0,0
a23:15:50.0 28/11/2017,37.8667,-122.2622,0.02,68.9,0,0
a23:15:52.0 28/11/2017,37.8667,-122.2622,0.01,68.9,0,0
a23:15:52.984 28/11/2017,37.8667,-122.2622,0.02,68.9,0,0
a23:15:55.0 28/11/2017,37.8667,-122.2622,0.02,68.9,0,0
a23:15:56.0 28/11/2017,37.8667,-122.2622,0.01,68.9,0,0
a23:15:56.984 28/11/2017,37.8667,-122.2622,0.01,68.9,0,0
a23:15:59.0 28/11/2017,37.8667,-122.2622,0.01,68.9,0,0
a23:16:0.0 28/11/2017,37.8667,-122.2622,0.02,68.9,0,0
a23:16:0.984 28/11/2017,37.8667,-122.2622,0.02,68.9,0,0
a23:16:3.0 28/11/2017,37.8667,-122.2622,0.02,68.9,0,0
a23:16:4.0 28/11/2017,37.8667,-122.2622,0.01,68.9,0,0
a23:16:6.0 28/11/2017,37.8667,-122.2622,0.05,68.9,0,0
a23:16:7.0 28/11/2017,37.8667,-122.2622,0.03,68.9,0,0
a23:16:8.0 28/11/2017,37.8667,-122.2622,0.01,68.9,0,0
a23:16:10.0 28/11/2017,37.8667,-122.2622,0.03,68.9,0,0
a23:16:11.0 28/11/2017,37.8667,-122.2622,0.02,68.9,0,0
a23:16:12.984 28/11/2017,37.8667,-122.2622,0.02,69.1,0,0
a23:16:14.0 28/11/2017,37.8667,-122.2622,0.02,69.1,0,0
a23:16:15.0 28/11/2017,37.8667,-122.2622,0.01,69.1,0,0
a23:16:16.984 28/11/2017,37.8667,-122.2622,0.01,69.1,0,0
a23:16:18.0 28/11/2017,37.8667,-122.2622,0.03,69.1,0,0
a23:16:19.0 28/11/2017,37.8667,-122.2622,0.04,69.1,0,0
a23:16:20.984 28/11/2017,37.8667,-122.2622,0.06,69.1,0,0
a23:16:22.0 28/11/2017,37.8667,-122.2622,0.05,69.1,0,0
a23:16:24.0 28/11/2017,37.8667,-122.2622,0.06,69.1,0,0
a23:16:24.984 28/11/2017,37.8667,-122.2622,0.08,69.1,0,0
a23:16:26.0 28/11/2017,37.8667,-122.2622,0.07,69.1,0,0
a23:16:28.0 28/11/2017,37.8667,-122.2622,0.07,69.1,0,0
a23:16:28.984 28/11/2017,37.8667,-122.2622,0.07,69.1,0,0
a23:16:30.0 28/11/2017,37.8667,-122.2622,0.07,69.1,0,0
a23:16:32.0 28/11/2017,37.8667,-122.2622,0.05,69.1,0,0
a23:16:32.984 28/11/2017,37.8667,-122.2622,0.05,69.1,0,0
a23:16:35.0 28/11/2017,37.8667,-122.2622,0.07,69.1,0,0
a23:16:36.0 28/11/2017,37.8667,-122.2622,0.08,69.1,0,0
a23:16:36.984 28/11/2017,37.8667,-122.2622,0.07,69.1,0,0
a23:16:39.0 28/11/2017,37.8667,-122.2622,0.12,69.1,0,0
a23:16:40.0 28/11/2017,37.8667,-122.2622,0.13,69.1,0,0
a23:16:42.0 28/11/2017,37.8667,-122.2622,0.13,69.1,0,0
a23:16:43.0 28/11/2017,37.8667,-122.2622,0.13,69.1,0,0
a23:16:44.0 28/11/2017,37.8667,-122.2622,0.14,69.1,0,0
a23:16:46.0 28/11/2017,37.8667,-122.2622,0.13,69.1,0,0
a23:16:47.0 28/11/2017,37.8667,-122.2622,0.14,69.1,0,0
a23:16:48.0 28/11/2017,37.8667,-122.2622,0.16,69.1,0,0
a23:16:50.0 28/11/2017,37.8667,-122.2622,0.16,69.1,0,0
a23:16:51.0 28/11/2017,37.8667,-122.2622,0.17,69.1,0,0
a23:16:52.984 28/11/2017,37.8667,-122.2622,0.17,69.1,0,0
a23:16:54.0 28/11/2017,37.8667,-122.2622,0.18,69.1,0,0
a23:16:55.0 28/11/2017,37.8667,-122.2622,0.21,69.1,0,0
a23:16:56.984 28/11/2017,37.8667,-122.2622,0.24,69.1,0,0
a23:16:58.0 28/11/2017,37.8667,-122.2622,0.21,69.1,0,0
a23:16:59.0 28/11/2017,37.8667,-122.2622,0.22,69.1,0,0
a23:17:0.0 28/11/2017,37.8667,-122.2622,0.2,69.1,0,0
aa23:17:3.0 28/11/2017,37.8667,-122.2622,0.13,69.1,1,0
aa23:17:7.0 28/11/2017,37.8667,-122.2622,0.28,69.1,1,0
a23:17:8.0 28/11/2017,37.8667,-122.2622,0.32,69.1,0,0
a23:17:8.984 28/11/2017,37.8667,-122.2622,0.28,69.1,0,0
a23:17:11.0 28/11/2017,37.8667,-122.2622,0.25,69.1,0,0
a23:17:16.0 28/11/2017,37.8667,-122.2622,0.17,69.1,1,0
a23:17:16.984 28/11/2017,37.8667,-122.2622,0.16,69.1,0,0
a23:17:20.0 28/11/2017,37.8667,-122.2622,0.18,69.1,0,0
a23:17:22.0 28/11/2017,37.8667,-122.2622,0.18,69.4,0,0
a23:17:23.0 28/11/2017,37.8667,-122.2622,0.14,69.4,0,0
a23:17:24.0 28/11/2017,37.8667,-122.2622,0.11,69.4,0,0
a23:17:28.0 28/11/2017,37.8667,-122.2622,0.13,69.4,0,0
a23:17:30.0 28/11/2017,37.8667,-122.2622,0.17,69.4,0,0
a23:17:31.0 28/11/2017,37.8667,-122.2623,0.17,69.4,0,0
a23:17:32.984 28/11/2017,37.8667,-122.2623,0.17,69.4,0,0
a23:17:34.0 28/11/2017,37.8667,-122.2623,0.15,69.4,0,0
a23:17:36.0 28/11/2017,37.8667,-122.2623,0.18,69.4,0,0
a23:17:36.984 28/11/2017,37.8667,-122.2623,0.15,69.4,0,0
a23:17:38.0 28/11/2017,37.8667,-122.2623,0.16,69.4,0,0
a23:17:40.0 28/11/2017,37.8667,-122.2623,0.18,69.4,0,0
a23:17:40.984 28/11/2017,37.8667,-122.2623,0.16,69.4,0,0
a23:17:43.0 28/11/2017,37.8667,-122.2623,0.16,69.6,0,0
a23:17:44.0 28/11/2017,37.8667,-122.2623,0.15,69.6,0,0
a23:17:44.984 28/11/2017,37.8667,-122.2623,0.15,69.6,0,0
a23:17:47.0 28/11/2017,37.8667,-122.2623,0.15,69.5,0,0
a23:17:48.0 28/11/2017,37.8667,-122.2623,0.13,69.5,0,0
a23:17:48.984 28/11/2017,37.8667,-122.2623,0.11,69.5,0,0
a23:17:51.0 28/11/2017,37.8667,-122.2623,0.11,69.5,0,0
a23:17:52.0 28/11/2017,37.8667,-122.2623,0.07,69.5,0,0
a23:17:52.984 28/11/2017,37.8667,-122.2623,0.09,69.5,0,0
a23:17:55.0 28/11/2017,37.8667,-122.2623,0.09,69.2,0,0
a23:17:56.0 28/11/2017,37.8667,-122.2623,0.06,69.2,0,0
a23:17:56.984 28/11/2017,37.8667,-122.2623,0.1,69.2,0,0
a23:17:59.0 28/11/2017,37.8667,-122.2623,0.03,69.2,0,0
a23:18:0.0 28/11/2017,37.8667,-122.2623,0.01,69.2,0,0
a23:18:0.984 28/11/2017,37.8667,-122.2623,0.02,69.2,0,0
a23:18:3.0 28/11/2017,37.8667,-122.2623,0.02,69.4,0,0
a23:18:4.0 28/11/2017,37.8667,-122.2623,0.02,69.4,0,0
a23:18:4.984 28/11/2017,37.8667,-122.2623,0.02,69.4,0,0
a23:18:7.0 28/11/2017,37.8667,-122.2623,0.02,70.2,0,0
a23:18:8.0 28/11/2017,37.8667,-122.2623,0.02,70.2,0,0
a23:18:8.984 28/11/2017,37.8667,-122.2623,0.01,70.2,0,0
a23:18:11.0 28/11/2017,37.8667,-122.2623,0.01,70.2,0,0
a23:18:12.0 28/11/2017,37.8667,-122.2623,0,70.2,0,0
a23:18:12.984 28/11/2017,37.8667,-122.2623,0.02,70.2,0,0
a23:18:15.0 28/11/2017,37.8667,-122.2623,0.02,70.2,0,0
a23:18:16.0 28/11/2017,37.8667,-122.2623,0.03,70.2,0,0
a23:18:16.984 28/11/2017,37.8667,-122.2623,0.01,70.2,0,0
a23:18:18.0 28/11/2017,37.8667,-122.2623,0.02,70.2,0,0
a23:18:20.0 28/11/2017,37.8667,-122.2623,0.01,70.2,0,0
a23:18:20.984 28/11/2017,37.8667,-122.2623,0,70.2,0,0
a23:18:22.0 28/11/2017,37.8667,-122.2623,0.05,70.2,0,0
a23:18:23.0 28/11/2017,37.8667,-122.2623,0.05,70.2,0,0
a23:18:24.984 28/11/2017,37.8667,-122.2623,0.01,70.2,0,0
a23:18:26.0 28/11/2017,37.8667,-122.2623,0.03,70.2,0,0
a23:18:27.0 28/11/2017,37.8667,-122.2623,0.01,70.2,0,0
aa23:18:28.984 28/11/2017,37.8667,-122.2623,0.01,70.3,0,0
a23:18:30.0 28/11/2017,37.8667,-122.2623,0.01,70.3,0,0
a23:18:31.0 28/11/2017,37.8667,-122.2623,0.03,70.3,0,0
a23:18:32.984 28/11/2017,37.8667,-122.2623,0.02,70.3,0,0
a23:18:35.0 28/11/2017,37.8667,-122.2623,0.07,70.3,1,0
a23:18:36.984 28/11/2017,37.8667,-122.2623,0.09,70.3,1,0
a23:18:42.0 28/11/2017,37.8667,-122.2623,0.27,70.3,0,0
a23:18:44.0 28/11/2017,0,-122.2623,0.27,69.8,1,0
a23:18:44.984 28/11/2017,37.8667,-122.2623,0.42,69.8,0,0
aa23:18:47.0 28/11/2017,37.8667,-122.2623,0.85,69.8,0,0
a23:18:48.984 28/11/2017,37.8667,-122.2623,1.15,69.8,0,0
a23:18:50.0 28/11/2017,37.8667,-122.2623,1.09,69.8,0,0
a23:18:52.0 28/11/2017,37.8667,-122.2623,0.8,69.8,0,0
a23:18:54.0 28/11/2017,37.8667,-122.2623,0.24,69.8,1,0
a23:18:56.0 28/11/2017,37.8667,-122.2623,0.33,69.8,1,0
a23:18:56.984 28/11/2017,37.8667,-122.2623,0.46,69.8,0,0
a23:18:58.0 28/11/2017,37.8667,-122.2623,0.72,69.8,0,0
a23:19:0.0 28/11/2017,37.8667,-122.2623,1.25,69.8,0,0
a23:19:0.984 28/11/2017,37.8667,-122.2623,0.9,69.8,0,0
a23:19:4.0 28/11/2017,37.8667,-122.2623,0.9,66.8,1,0
a23:19:4.984 28/11/2017,37.8667,-122.2623,0.37,66.8,0,0
a23:19:6.0 28/11/2017,37.8667,-122.2623,1.15,66.8,0,0
aa23:19:8.984 28/11/2017,37.8666,-122.2623,1.46,66.8,1,0
a23:19:10.0 28/11/2017,37.8666,-122.2623,1.86,66.8,0,0
a23:19:11.0 28/11/2017,37.8666,-122.2623,3.14,66.8,0,0
a23:19:12.984 28/11/2017,37.8666,-122.2623,3.34,66.8,0,0
a23:19:14.0 28/11/2017,37.8666,-122.2622,3.99,66.8,0,0
a23:19:15.0 28/11/2017,37.8666,-122.2622,3.41,66.8,0,0
a23:19:16.984 28/11/2017,37.8666,-122.2622,3.08,66.8,0,0
a23:19:18.0 28/11/2017,37.8666,-122.2622,3.57,66.8,0,0
a23:19:20.0 28/11/2017,37.8666,-122.2621,3.07,66.8,0,0
a23:19:20.984 28/11/2017,37.8666,-122.2621,3.19,66.8,0,0
a23:19:22.0 28/11/2017,37.8666,-122.2621,2.87,66.8,0,0
a23:19:24.0 28/11/2017,37.8666,-122.2621,3.32,66.8,0,0
a23:19:24.984 28/11/2017,37.8666,-122.2621,3.11,66.8,0,0
a23:19:27.0 28/11/2017,37.8666,-122.262,3.01,66.8,0,0
a23:19:28.0 28/11/2017,37.8666,-122.262,3.28,66.8,0,0
a23:19:28.984 28/11/2017,37.8666,-122.262,2.57,66.8,0,0
a23:19:31.0 28/11/2017,37.8666,-122.2619,3.01,66.8,0,0
a23:19:32.0 28/11/2017,37.8666,-122.2619,2.99,66.8,0,0
a23:19:34.0 28/11/2017,37.8667,-122.2619,2.99,65.1,0,0
a23:19:35.0 28/11/2017,37.8667,-122.2619,2.93,65.1,0,0
a23:19:36.0 28/11/2017,37.8667,-122.2619,2.73,65.1,0,0
a23:19:38.0 28/11/2017,37.8666,-122.2618,3.58,65.1,0,0
a23:19:39.0 28/11/2017,37.8666,-122.2618,3.44,65.1,0,0
a23:19:40.0 28/11/2017,37.8666,-122.2618,2.69,65.1,0,0
a23:19:42.0 28/11/2017,37.8666,-122.2617,3.08,65.1,0,0
a23:19:43.0 28/11/2017,37.8666,-122.2617,3.56,65.1,0,0
a23:19:44.0 28/11/2017,37.8666,-122.2617,3.04,65.1,0,0
a23:19:46.0 28/11/2017,37.8666,-122.2617,3.03,65.1,0,0
a23:19:47.0 28/11/2017,37.8666,-122.2616,3.44,65.1,0,0
a23:19:48.0 28/11/2017,37.8666,-122.2616,2.96,65.1,0,0
a23:19:50.0 28/11/2017,37.8667,-122.2616,2.87,65.1,0,0
a23:19:51.0 28/11/2017,37.8667,-122.2616,2.72,65.1,0,0
a23:19:52.984 28/11/2017,37.8667,-122.2615,2.75,65.1,0,0
a23:19:54.0 28/11/2017,37.8667,-122.2615,3.16,65.1,0,0
a23:19:55.0 28/11/2017,37.8667,-122.2615,3.13,65.1,0,0
a23:19:56.984 28/11/2017,37.8667,-122.2615,2.8,65.1,0,0
a23:19:58.0 28/11/2017,37.8667,-122.2614,2.83,65.1,0,0
a23:19:59.0 28/11/2017,37.8667,-122.2614,3.06,65.1,0,0
a23:20:0.984 28/11/2017,37.8667,-122.2614,2.81,65.1,0,0
a23:20:2.0 28/11/2017,37.8667,-122.2614,2.71,65.1,0,0
a23:20:4.0 28/11/2017,37.8667,-122.2613,3.01,65.1,0,0
a23:20:4.984 28/11/2017,37.8667,-122.2613,2.84,65.1,0,0
a23:20:6.0 28/11/2017,37.8667,-122.2613,3.12,65.1,0,0
a23:20:8.0 28/11/2017,37.8667,-122.2613,2.45,65.1,0,0
a23:20:8.984 28/11/2017,37.8667,-122.2612,2.6,65.1,0,0
a23:20:10.0 28/11/2017,37.8667,-122.2612,2.11,65.1,0,0
a23:20:12.0 28/11/2017,37.8667,-122.2612,2.05,65.1,0,0
a23:20:12.984 28/11/2017,37.8668,-122.2612,2,65.1,0,0
a23:20:14.0 28/11/2017,37.8668,-122.2612,2.18,65.1,0,0
a23:20:16.0 28/11/2017,37.8668,-122.2612,2.5,65.1,0,0
a23:20:16.984 28/11/2017,37.8668,-122.2612,3.37,65.1,0,0
a23:20:18.0 28/11/2017,37.8668,-122.2612,2.73,65.1,0,0
a23:20:20.0 28/11/2017,37.8668,-122.2612,2.99,65.1,0,0
a23:20:20.984 28/11/2017,37.8669,-122.2612,2.44,65.1,0,0
a23:20:22.0 28/11/2017,37.8669,-122.2612,2.41,65.1,0,0
a23:20:24.984 28/11/2017,37.8669,-122.2612,2.37,65.1,1,0
a23:20:26.0 28/11/2017,37.8669,-122.2612,2.7,65.1,0,0
a23:20:27.0 28/11/2017,37.8669,-122.2612,3.32,65.1,0,0
a23:20:28.984 28/11/2017,37.867,-122.2612,2.54,65.1,0,0
a23:20:30.0 28/11/2017,37.867,-122.2612,2.69,65.1,0,0
a23:20:31.0 28/11/2017,37.867,-122.2612,3.31,65.1,0,0
a23:20:32.984 28/11/2017,37.8671,-122.2612,2.95,65.1,0,0
a23:20:34.0 28/11/2017,37.8671,-122.2612,2.55,65.1,0,0
a23:20:35.0 28/11/2017,37.8671,-122.2612,2.74,65.1,0,0
a23:20:36.984 28/11/2017,37.8671,-122.2612,3.09,65.1,0,0
a23:20:38.0 28/11/2017,37.8671,-122.2612,2.91,65.1,0,0
a23:20:39.0 28/11/2017,37.8672,-122.2612,2.59,65.1,0,0
a23:20:40.984 28/11/2017,37.8672,-122.2612,3.2,65.1,0,0
a23:20:42.0 28/11/2017,37.8672,-122.2612,3.13,65.1,0,0
a23:20:43.0 28/11/2017,37.8672,-122.2612,1.82,65.1,0,0
a23:20:44.984 28/11/2017,37.8673,-122.2612,2.74,65.1,0,0
a23:20:46.0 28/11/2017,37.8673,-122.2612,2.78,65.1,0,0
a23:20:47.0 28/11/2017,37.8673,-122.2612,3.04,65.1,0,0
a23:20:48.984 28/11/2017,37.8673,-122.2612,3.07,65.1,0,0
a23:20:50.0 28/11/2017,37.8673,-122.2612,2.69,65.1,0,0
a23:20:52.0 28/11/2017,37.8674,-122.2612,2.5,65.1,0,0
a23:20:52.984 28/11/2017,37.8674,-122.2612,2.56,65.1,0,0
a23:20:54.0 28/11/2017,37.8674,-122.2612,2.12,65.1,0,0
a23:20:56.0 28/11/2017,37.8674,-122.2612,2.53,65.1,0,0
a23:20:56.984 28/11/2017,37.8674,-122.2612,1.66,65.1,0,0
a23:20:59.0 28/11/2017,37.8674,-122.2613,2.07,65.1,0,0
a23:21:0.0 28/11/2017,37.8675,-122.2612,3.04,65.1,0,0
a23:21:0.984 28/11/2017,37.8675,-122.2612,3.36,65.1,0,0
a23:21:3.0 28/11/2017,37.8675,-122.2612,3.22,65.1,0,0
a23:21:4.0 28/11/2017,37.8675,-122.2612,2.76,65.1,0,0
a23:21:4.984 28/11/2017,37.8675,-122.2612,2.79,65.1,0,0
a23:21:6.0 28/11/2017,37.8675,-122.2612,2.8,65.1,0,0
a23:21:8.0 28/11/2017,37.8675,-122.2611,2.32,65.1,0,0
a23:21:8.984 28/11/2017,37.8675,-122.2611,2.2,65.1,0,0
a23:21:10.0 28/11/2017,37.8675,-122.2611,1.98,65.1,0,0
a23:21:12.0 28/11/2017,37.8675,-122.2611,2.87,65.1,0,0
a23:21:12.984 28/11/2017,37.8675,-122.2611,1.95,65.1,0,0
a23:21:15.0 28/11/2017,37.8675,-122.2611,1.78,65.1,0,0
a23:21:16.0 28/11/2017,37.8676,-122.2611,2.55,65.1,0,0
a23:21:16.984 28/11/2017,37.8676,-122.2611,2.07,65.1,0,0
a23:21:19.0 28/11/2017,37.8676,-122.261,2.66,65.1,0,0
a23:21:20.0 28/11/2017,37.8676,-122.261,2.6,65.1,0,0
a23:21:20.984 28/11/2017,37.8676,-122.261,2.37,65.1,0,0
a23:21:23.0 28/11/2017,37.8676,-122.2609,3.29,65.1,0,0
a23:21:24.0 28/11/2017,37.8676,-122.2609,3.34,65.1,0,0
a23:21:24.984 28/11/2017,37.8676,-122.2609,2.22,65.1,0,0
a23:21:27.0 28/11/2017,37.8676,-122.2609,2.22,71.3,0,0
a23:21:28.0 28/11/2017,37.8676,-122.2609,2.52,71.3,0,0
a23:21:28.984 28/11/2017,37.8676,-122.2608,3.55,71.3,0,0
a23:21:30.0 28/11/2017,37.8676,-122.2608,3.15,71.3,0,0
a23:21:32.0 28/11/2017,37.8677,-122.2608,3.43,71.3,0,0
a23:21:32.984 28/11/2017,37.8677,-122.2608,3.95,71.3,0,0
a23:21:35.0 28/11/2017,37.8677,-122.2607,3.95,70.5,0,0
a23:21:36.0 28/11/2017,37.8677,-122.2607,2.9,70.5,0,0
a23:21:36.984 28/11/2017,37.8677,-122.2607,2.88,70.5,0,0
a23:21:38.0 28/11/2017,37.8677,-122.2606,3,70.5,0,0
a23:21:40.0 28/11/2017,37.8677,-122.2606,3.31,70.5,0,0
a23:21:40.984 28/11/2017,37.8677,-122.2606,3.01,70.5,0,0
a23:21:42.0 28/11/2017,37.8677,-122.2606,2.8,70.5,0,0
a23:21:44.0 28/11/2017,37.8677,-122.2605,3.38,70.5,0,0
a23:21:44.984 28/11/2017,37.8677,-122.2605,3.18,70.5,0,0
a23:21:46.0 28/11/2017,37.8677,-122.2605,2.86,70.5,0,0
a23:21:48.0 28/11/2017,37.8677,-122.2604,3.22,70.5,0,0
a23:21:48.984 28/11/2017,37.8677,-122.2604,3.74,70.5,0,0
a23:21:52.0 28/11/2017,37.8677,-122.2603,3.24,70.5,0,0
a23:21:52.984 28/11/2017,37.8677,-122.2603,3.19,70.5,0,0
a23:21:54.0 28/11/2017,37.8677,-122.2603,3.42,70.5,0,0
a23:21:56.0 28/11/2017,37.8677,-122.2602,3.22,70.5,0,0
a23:21:56.984 28/11/2017,37.8677,-122.2602,1.99,70.5,0,0
a23:21:58.0 28/11/2017,37.8677,-122.2602,4.08,70.5,0,0
a23:22:0.0 28/11/2017,37.8677,-122.2602,4.08,67,0,0
a23:22:0.984 28/11/2017,37.8677,-122.2601,2.96,67,0,0
a23:22:2.0 28/11/2017,37.8677,-122.2601,2.99,67,0,0
a23:22:4.0 28/11/2017,37.8677,-122.2601,3.95,67,0,0
a23:22:4.984 28/11/2017,37.8677,-122.26,3.15,67,0,0
a23:22:6.0 28/11/2017,37.8677,-122.26,3.32,67,0,0
a23:22:8.0 28/11/2017,37.8676,-122.26,3.32,65.1,0,0
a23:22:8.984 28/11/2017,37.8676,-122.2599,3.12,65.1,0,0
a23:22:10.0 28/11/2017,37.8677,-122.2599,2.82,65.1,0,0
a23:22:12.0 28/11/2017,37.8677,-122.2599,2.97,65.1,0,0
a23:22:12.984 28/11/2017,37.8677,-122.2599,3.34,65.1,0,0
a23:22:14.0 28/11/2017,37.8677,-122.2599,3.54,65.1,0,0
a23:22:16.0 28/11/2017,37.8677,-122.2598,3.54,63.6,0,0
a23:22:16.984 28/11/2017,37.8677,-122.2598,2.3,63.6,0,0
a23:22:18.0 28/11/2017,37.8677,-122.2598,1.57,63.6,0,0
a23:22:19.0 28/11/2017,37.8678,-122.2598,3.55,63.6,0,0
a23:22:20.984 28/11/2017,37.8678,-122.2598,3.3,63.6,0,0
a23:22:22.0 28/11/2017,37.8678,-122.2598,3.55,63.6,0,0
a23:22:23.0 28/11/2017,37.8678,-122.2598,2.98,63.6,0,0
a23:22:24.984 28/11/2017,37.8679,-122.2599,3.18,63.6,0,0
a23:22:26.0 28/11/2017,37.8679,-122.2599,2.69,63.6,0,0
a23:22:28.0 28/11/2017,37.8679,-122.2599,2.69,63,0,0
a23:22:30.0 28/11/2017,37.8679,-122.2599,0.48,63,0,0
a23:22:31.0 28/11/2017,37.8679,-122.2599,0.32,63,0,0
a23:22:32.0 28/11/2017,37.8679,-122.2599,0.49,63,0,0
a23:22:36.0 28/11/2017,37.8679,-122.2599,2.02,63,0,0
a23:22:36.984 28/11/2017,37.8679,-122.2599,1.57,63,0,0
a23:22:38.0 28/11/2017,37.8679,-122.2599,0.37,63,0,0
a23:22:40.0 28/11/2017,37.8679,-122.2599,2.38,63,0,1
a23:22:40.984 28/11/2017,37.8679,-122.2599,1.62,63,0,0
aa23:22:43.0 28/11/2017,37.8679,-122.2599,0.25,63,0,0
a23:22:44.984 28/11/2017,37.8679,-122.2599,0.44,63,0,0
a23:22:46.0 28/11/2017,37.8679,-122.2599,0.84,63,0,0
a23:22:47.0 28/11/2017,37.8679,-122.2599,0.3,63,0,0
a23:22:48.0 28/11/2017,37.8679,-122.2599,0.75,63,0,0
a23:22:50.0 28/11/2017,37.868,-122.2599,0.32,63,0,0
a23:22:51.0 28/11/2017,37.868,-122.2599,0.85,63,0,0
a23:22:52.984 28/11/2017,37.868,-122.2599,2.37,63,0,0
a23:22:54.0 28/11/2017,37.868,-122.2599,2.61,63,0,0
a23:22:55.0 28/11/2017,37.8681,-122.2599,3.22,63,0,0
a23:22:56.984 28/11/2017,37.8681,-122.2599,2.49,63,0,0
a23:22:58.0 28/11/2017,37.8681,-122.2599,3.39,63,0,0
a23:22:59.0 28/11/2017,37.8682,-122.2599,2.77,63,0,0
a23:23:0.984 28/11/2017,37.8682,-122.2599,2.55,63,0,0
a23:23:2.0 28/11/2017,37.8682,-122.2599,2.67,63,0,0
a23:23:3.0 28/11/2017,37.8682,-122.2599,2.32,63,0,0
a23:23:4.984 28/11/2017,37.8683,-122.2599,3.01,63,0,0
a23:23:6.0 28/11/2017,37.8683,-122.2599,2.74,63,0,0
a23:23:7.0 28/11/2017,37.8683,-122.2599,3.19,63,0,0
a23:23:8.984 28/11/2017,37.8683,-122.2599,2.6,63,0,0
a23:23:11.0 28/11/2017,37.8684,-122.2599,2.52,63,1,0
a23:23:12.0 28/11/2017,37.8684,-122.2599,1.83,63,0,0
a23:23:14.0 28/11/2017,37.8684,-122.2599,1.83,68.2,0,0
a23:23:15.0 28/11/2017,37.8684,-122.2599,5.8,68.2,0,0
a23:23:16.0 28/11/2017,37.8685,-122.2599,4.81,68.2,0,0
a23:23:16.984 28/11/2017,37.8685,-122.26,5,68.2,0,0
a23:23:19.0 28/11/2017,37.8686,-122.26,3.69,68.2,0,0
a23:23:20.0 28/11/2017,37.8687,-122.26,2.79,68.2,0,0
a23:23:22.0 28/11/2017,37.8687,-122.26,2.11,68.2,0,0
a23:23:23.0 28/11/2017,37.8688,-122.26,2.55,68.2,0,0
a23:23:24.0 28/11/2017,37.8688,-122.26,2.74,68.2,0,0
a23:23:24.984 28/11/2017,37.8688,-122.26,1.88,68.2,0,0
a23:23:27.0 28/11/2017,37.8688,-122.26,2.32,68.2,0,0
a23:23:28.0 28/11/2017,37.8688,-122.26,2.8,68.2,0,0
a23:23:30.0 28/11/2017,37.8689,-122.26,2.8,77.5,0,0
a23:23:31.0 28/11/2017,37.8689,-122.26,1.93,77.5,0,0
a23:23:32.0 28/11/2017,37.8689,-122.26,1.99,77.5,0,0
a23:23:34.0 28/11/2017,37.8689,-122.26,1.99,77.3,0,0
a23:23:35.0 28/11/2017,37.8689,-122.26,2.52,77.3,0,0
a23:23:36.0 28/11/2017,37.8689,-122.26,2.71,77.3,0,0
a23:23:36.984 28/11/2017,37.8689,-122.26,2.72,77.3,0,0
a23:23:39.0 28/11/2017,37.869,-122.26,2.71,77.3,0,0
a23:23:40.0 28/11/2017,37.869,-122.26,2.93,77.3,0,0
a23:23:42.0 28/11/2017,37.869,-122.26,2.93,76.3,0,0
a23:23:43.0 28/11/2017,37.869,-122.26,3.38,76.3,0,0
a23:23:44.0 28/11/2017,37.869,-122.26,3.1,76.3,0,0
a23:23:46.0 28/11/2017,37.8691,-122.26,3.1,75.6,0,0
a23:23:47.0 28/11/2017,37.8691,-122.26,2.93,75.6,0,0
a23:23:48.0 28/11/2017,37.8691,-122.26,3.09,75.6,0,0
a23:23:48.984 28/11/2017,37.8691,-122.2601,3.06,75.6,0,0
a23:23:51.0 28/11/2017,37.8692,-122.2601,3.59,75.6,0,0
a23:23:52.0 28/11/2017,37.8692,-122.2601,2.8,75.6,0,0
a23:23:52.984 28/11/2017,37.8692,-122.2601,3.47,75.6,0,0
a23:23:55.0 28/11/2017,37.8692,-122.2601,2.76,75.6,0,0
a23:23:56.0 28/11/2017,37.8693,-122.2601,2.68,75.6,0,0
a23:23:58.0 28/11/2017,37.8693,-122.2601,2.68,73.1,0,0
a23:23:59.0 28/11/2017,37.8693,-122.2601,3.23,73.1,0,0
a23:24:0.0 28/11/2017,37.8693,-122.2601,3.21,73.1,0,0
a23:24:0.984 28/11/2017,37.8693,-122.2601,3.03,73.1,0,0
a23:24:3.0 28/11/2017,37.8694,-122.2601,2.51,73.1,0,0
a23:24:4.0 28/11/2017,37.8694,-122.2601,3.14,73.1,0,0
a23:24:4.984 28/11/2017,37.8694,-122.26,3.2,73.1,0,0
a23:24:7.0 28/11/2017,37.8694,-122.26,3.48,73.1,0,0
a23:24:8.0 28/11/2017,37.8694,-122.26,2.89,73.1,0,0
a23:24:10.0 28/11/2017,37.8695,-122.26,2.89,71.2,0,0
a23:24:11.0 28/11/2017,37.8695,-122.26,2.83,71.2,0,0
a23:24:12.0 28/11/2017,37.8695,-122.26,2.85,71.2,0,0
a23:24:12.984 28/11/2017,37.8695,-122.26,2.29,71.2,0,0
a23:24:15.0 28/11/2017,37.8695,-122.26,2.69,71.2,0,0
a23:24:16.0 28/11/2017,37.8696,-122.2599,2.59,71.2,0,0
aa23:24:18.0 28/11/2017,37.8696,-122.2599,0.78,71.2,0,0
aa23:24:20.984 28/11/2017,37.8696,-122.2599,1.56,68.5,0,0
aa23:24:22.0 28/11/2017,37.8696,-122.2599,1.73,68.5,0,0
a23:24:24.0 28/11/2017,37.8696,-122.2599,1.73,67.7,0,0
a23:24:24.984 28/11/2017,37.8696,-122.2599,1.77,67.7,0,0
aa23:24:27.0 28/11/2017,37.8697,-122.2599,1.98,67.7,0,0
a23:24:28.0 28/11/2017,37.8697,-122.2599,2.06,67.7,0,0
a23:24:28.984 28/11/2017,37.8697,-122.2599,2.12,67.7,0,1
a23:24:31.0 28/11/2017,37.8697,-122.2599,2.08,67.7,0,1
a23:24:32.0 28/11/2017,37.8697,-122.2598,2.03,67.7,0,1
a23:24:32.984 28/11/2017,37.8697,-122.2598,2.05,67.7,0,1
a23:24:35.0 28/11/2017,37.8697,-122.2598,1.92,67.7,0,1
a23:24:36.0 28/11/2017,37.8697,-122.2598,1.85,67.7,0,1
a23:24:38.0 28/11/2017,37.8697,-122.2598,1.76,67.7,0,0
a23:24:39.0 28/11/2017,37.8697,-122.2598,1.58,67.7,0,0
a23:24:40.0 28/11/2017,37.8697,-122.2598,1.15,67.7,0,0
a23:24:40.984 28/11/2017,37.8697,-122.2598,1.01,67.7,0,0
a23:24:43.0 28/11/2017,37.8697,-122.2598,1.04,67.7,0,0
a23:24:44.0 28/11/2017,37.8698,-122.2599,1.26,67.7,0,0
a23:24:46.0 28/11/2017,37.8698,-122.2598,1.26,60.7,0,0
a23:24:47.0 28/11/2017,37.8699,-122.2599,2.07,60.7,0,0
a23:24:48.0 28/11/2017,37.8699,-122.2599,2.4,60.7,0,0
a23:24:48.984 28/11/2017,37.8699,-122.2599,2.53,60.7,0,0
a23:24:51.0 28/11/2017,37.87,-122.2598,2.53,60.8,0,0
a23:24:52.0 28/11/2017,37.87,-122.2598,3.03,60.8,0,0
a23:24:52.984 28/11/2017,37.87,-122.2598,3.27,60.8,0,0
a23:24:54.0 28/11/2017,37.8701,-122.2598,3.46,60.8,0,0
a23:24:55.0 28/11/2017,37.8701,-122.2598,2.87,60.8,0,0
a23:24:56.984 28/11/2017,37.8701,-122.2598,2.92,60.8,0,0
a23:25:0.0 28/11/2017,37.8702,-122.2597,2.99,60.8,1,0
a23:25:2.0 28/11/2017,37.8702,-122.2597,2.99,62.4,0,0
a23:25:3.0 28/11/2017,37.8702,-122.2597,3.2,62.4,0,0
a23:25:4.0 28/11/2017,37.8702,-122.2597,2.94,62.4,0,0
a23:25:6.0 28/11/2017,37.8702,-122.2596,2.94,63,0,0
a23:25:7.0 28/11/2017,37.8703,-122.2596,3.21,63,0,0
a23:25:8.0 28/11/2017,37.8703,-122.2596,1.83,63,0,0
a23:25:10.0 28/11/2017,37.8703,-122.2596,1.83,62.8,0,0
a23:25:11.0 28/11/2017,37.8703,-122.2596,2.44,62.8,0,0
a23:25:12.0 28/11/2017,37.8703,-122.2596,1.68,62.8,0,0
a23:25:14.0 28/11/2017,37.8703,-122.2597,1.68,62.5,0,0
a23:25:15.0 28/11/2017,37.8703,-122.2597,2.35,62.5,0,0
a23:25:16.0 28/11/2017,37.8704,-122.2597,2.77,62.5,0,0
a23:25:16.984 28/11/2017,37.8704,-122.2596,2.34,62.5,0,0
a23:25:19.0 28/11/2017,37.8704,-122.2596,2.68,62.5,0,0
a23:25:20.0 28/11/2017,37.8704,-122.2596,2.58,62.5,0,0
a23:25:20.984 28/11/2017,37.8704,-122.2596,2.57,62.5,0,0
a23:25:22.0 28/11/2017,37.8704,-122.2596,2.65,62.5,0,0
a23:25:24.0 28/11/2017,37.8705,-122.2596,3.56,62.5,0,0
a23:25:24.984 28/11/2017,37.8705,-122.2597,2.91,62.5,0,0
a23:25:26.0 28/11/2017,37.8705,-122.2597,3.15,62.5,0,0
a23:25:28.0 28/11/2017,37.8705,-122.2597,2.52,62.5,0,0
a23:25:28.984 28/11/2017,37.8705,-122.2597,3.32,62.5,0,0
a23:25:30.0 28/11/2017,37.8706,-122.2597,3.48,62.5,0,0
a23:25:32.0 28/11/2017,37.8706,-122.2597,3.25,62.5,0,0
a23:25:32.984 28/11/2017,37.8706,-122.2597,3.15,62.5,0,0
a23:25:34.0 28/11/2017,37.8706,-122.2597,3.53,62.5,0,0
a23:25:36.0 28/11/2017,37.8707,-122.2597,3.42,62.5,0,0
a23:25:36.984 28/11/2017,37.8707,-122.2597,3.36,62.5,0,0
a23:25:38.0 28/11/2017,37.8707,-122.2597,3.23,62.5,0,0
aa23:25:40.0 28/11/2017,37.8707,-122.2597,3.31,62.5,0,0
a23:25:40.984 28/11/2017,37.8708,-122.2597,3.49,62.5,0,0
a23:25:43.0 28/11/2017,37.8708,-122.2597,3.32,62.5,0,0
a23:25:44.0 28/11/2017,37.8708,-122.2597,3.34,62.5,0,0
a23:25:44.984 28/11/2017,37.8708,-122.2597,3.39,62.5,0,0
a23:25:47.0 28/11/2017,37.8709,-122.2597,3.35,62.5,0,0
a23:25:48.0 28/11/2017,37.8709,-122.2597,3.36,62.5,0,0
a23:25:48.984 28/11/2017,37.8709,-122.2597,3.51,62.5,0,0
a23:25:51.0 28/11/2017,37.8709,-122.2597,3.42,62.5,0,0
a23:25:52.0 28/11/2017,37.8709,-122.2597,3.31,62.5,0,0
a23:25:54.0 28/11/2017,37.871,-122.2597,2.96,62.5,0,0
a23:25:55.0 28/11/2017,37.871,-122.2597,3.51,62.5,0,0
a23:25:56.984 28/11/2017,37.871,-122.2598,3.19,62.5,0,0
a23:25:58.0 28/11/2017,37.871,-122.2598,2.69,62.5,0,0
a23:25:59.0 28/11/2017,37.871,-122.2598,2.85,62.5,0,0
a23:26:0.984 28/11/2017,37.8711,-122.2598,3.23,62.5,0,0
a23:26:2.0 28/11/2017,37.8711,-122.2598,3.83,62.5,0,0
a23:26:3.0 28/11/2017,37.8711,-122.2598,3.3,62.5,0,0
a23:26:4.984 28/11/2017,37.8711,-122.2598,2.73,62.5,0,0
a23:26:6.0 28/11/2017,37.8711,-122.2598,2.86,62.5,0,0
a23:26:7.0 28/11/2017,37.8712,-122.2598,2.57,62.5,0,0
a23:26:8.984 28/11/2017,37.8712,-122.2598,2.57,69.1,0,0
a23:26:11.0 28/11/2017,37.8712,-122.2598,2.57,69.4,0,0
a23:26:12.0 28/11/2017,37.8712,-122.2598,3.12,69.4,0,0
a23:26:12.984 28/11/2017,37.8712,-122.2598,2.72,69.4,0,0
a23:26:15.0 28/11/2017,37.8713,-122.2598,3.07,69.4,0,0
a23:26:16.0 28/11/2017,37.8713,-122.2598,3.1,69.4,0,0
a23:26:16.984 28/11/2017,37.8713,-122.2598,2.99,69.4,0,0
a23:26:19.0 28/11/2017,37.8713,-122.2598,3.25,69.4,0,0
a23:26:20.0 28/11/2017,37.8713,-122.2598,3.28,69.4,0,0
a23:26:20.984 28/11/2017,37.8714,-122.2598,2.81,69.4,0,0
a23:26:23.0 28/11/2017,37.8714,-122.2598,2.81,70.6,0,0
a23:26:24.0 28/11/2017,37.8714,-122.2598,2.71,70.6,0,0
a23:26:24.984 28/11/2017,37.8714,-122.2598,3.52,70.6,0,0
a23:26:27.0 28/11/2017,37.8715,-122.2599,3.52,70.5,0,0
a23:26:28.0 28/11/2017,37.8715,-122.2599,3.57,70.5,0,0
a23:26:28.984 28/11/2017,37.8715,-122.2599,3.27,70.5,0,0
a23:26:31.0 28/11/2017,37.8715,-122.2599,3.27,71.6,0,0
a23:26:32.0 28/11/2017,37.8715,-122.2599,3.44,71.6,0,0
a23:26:32.984 28/11/2017,37.8716,-122.2599,3.76,71.6,0,0
a23:26:35.0 28/11/2017,37.8716,-122.2599,3.76,71.8,0,0
a23:26:36.0 28/11/2017,37.8716,-122.2599,2.84,71.8,0,0
a23:26:36.984 28/11/2017,37.8716,-122.2599,2.95,71.8,0,0
a23:26:39.0 28/11/2017,37.8717,-122.2599,2.95,72.3,0,0
a23:26:40.0 28/11/2017,37.8717,-122.2599,2.99,72.3,0,0
a23:26:40.984 28/11/2017,37.8717,-122.26,3.42,72.3,0,0
a23:26:43.0 28/11/2017,37.8717,-122.26,3.14,72.3,0,0
a23:26:44.0 28/11/2017,37.8717,-122.26,3.38,72.3,0,0
a23:26:44.984 28/11/2017,37.8717,-122.26,3.82,72.3,0,0
a23:26:47.0 28/11/2017,37.8718,-122.26,3.81,72.3,0,0
a23:26:48.0 28/11/2017,37.8718,-122.26,3.3,72.3,0,0
a23:26:48.984 28/11/2017,37.8718,-122.26,3.54,72.3,0,0
a23:26:51.0 28/11/2017,37.8718,-122.26,3.15,72.3,0,0
a23:26:52.0 28/11/2017,37.8719,-122.26,3.1,72.3,0,0
a23:26:52.984 28/11/2017,37.8719,-122.26,3.77,72.3,0,0
a23:26:55.0 28/11/2017,37.8719,-122.26,3.67,72.3,0,0
a23:26:56.0 28/11/2017,37.8719,-122.26,3.91,72.3,0,0
a23:26:56.984 28/11/2017,37.8719,-122.26,3.51,72.3,0,0
aa23:27:0.0 28/11/2017,37.872,-122.26,3.85,72.3,1,0
a23:27:0.984 28/11/2017,37.872,-122.26,3.15,72.3,0,0
a23:27:2.0 28/11/2017,37.872,-122.26,3.33,72.3,0,0
a23:27:4.0 28/11/2017,37.8721,-122.2601,3.53,72.3,0,0
a23:27:4.984 28/11/2017,37.8721,-122.2601,3.16,72.3,0,0
a23:27:6.0 28/11/2017,37.8721,-122.2601,3.63,72.3,0,0
a23:27:7.0 28/11/2017,37.8721,-122.2601,3.47,72.3,0,0
a23:27:8.984 28/11/2017,37.8721,-122.2601,3.53,72.3,0,0
a23:27:10.0 28/11/2017,37.8722,-122.2601,3.89,72.3,0,0
a23:27:11.0 28/11/2017,37.8722,-122.2601,3.82,72.3,0,0
a23:27:12.984 28/11/2017,37.8722,-122.2601,3.01,72.3,0,0
a23:27:14.0 28/11/2017,37.8722,-122.2601,3.27,72.3,0,0
a23:27:15.0 28/11/2017,37.8723,-122.2602,3.6,72.3,0,0
a23:27:16.984 28/11/2017,37.8723,-122.2602,3.36,72.3,0,0
a23:27:18.0 28/11/2017,37.8723,-122.2602,3.1,72.3,0,0
a23:27:19.0 28/11/2017,37.8723,-122.2602,3.05,72.3,0,0
a23:27:20.984 28/11/2017,37.8724,-122.2602,3.05,67.4,0,0
a23:27:22.0 28/11/2017,37.8724,-122.2602,3.1,67.4,0,0
a23:27:23.0 28/11/2017,37.8724,-122.2602,3.46,67.4,0,0
a23:27:24.984 28/11/2017,37.8724,-122.2602,2.11,67.4,0,0
a23:27:26.0 28/11/2017,37.8724,-122.2602,3.23,67.4,0,0
a23:27:27.0 28/11/2017,37.8724,-122.2602,3.04,67.4,0,0
aa23:27:28.984 28/11/2017,37.8724,-122.2602,2.23,70.3,0,0
a23:27:30.0 28/11/2017,37.8725,-122.2602,3.58,70.3,0,0
a23:27:32.0 28/11/2017,37.8725,-122.2602,2.56,70.3,0,0
a23:27:32.984 28/11/2017,37.8725,-122.2602,3.54,70.3,0,0
a23:27:34.0 28/11/2017,37.8725,-122.2602,3.13,70.3,0,0
a23:27:36.0 28/11/2017,37.8725,-122.2602,3.07,70.3,0,0
a23:27:36.984 28/11/2017,37.8726,-122.2602,3.23,70.3,0,0
a23:27:38.0 28/11/2017,37.8726,-122.2602,3.35,70.3,0,0
a23:27:40.0 28/11/2017,37.8726,-122.2602,3.32,70.3,0,0
a23:27:40.984 28/11/2017,37.8726,-122.2602,3.22,70.3,0,0
a23:27:42.0 28/11/2017,37.8726,-122.2602,3.18,70.3,0,0
a23:27:44.0 28/11/2017,37.8727,-122.2602,3.32,70.3,0,0
a23:27:44.984 28/11/2017,37.8727,-122.2602,1.98,70.3,0,0
a23:27:46.0 28/11/2017,37.8727,-122.2602,2.92,70.3,0,0
a23:27:47.0 28/11/2017,37.8727,-122.2602,3.4,70.3,0,0
a23:27:48.984 28/11/2017,37.8727,-122.2602,3.22,70.3,0,0
a23:27:50.0 28/11/2017,37.8728,-122.2602,3.1,70.3,0,0
a23:27:52.0 28/11/2017,37.8728,-122.2602,3.26,70.3,0,0
a23:27:52.984 28/11/2017,37.8728,-122.2602,3.12,70.3,0,0
a23:27:54.0 28/11/2017,37.8728,-122.2601,3.3,70.3,0,0
a23:27:56.0 28/11/2017,37.8728,-122.2601,3.3,84.5,0,0
a23:27:56.984 28/11/2017,37.8728,-122.2601,3.09,84.5,0,0
a23:27:58.0 28/11/2017,37.8729,-122.2601,3.05,84.5,0,0
a23:28:0.0 28/11/2017,37.8729,-122.2601,3.18,84.5,0,0
a23:28:0.984 28/11/2017,37.8729,-122.2601,3.29,84.5,0,0
a23:28:2.0 28/11/2017,37.8729,-122.2601,3.27,84.5,0,0
a23:28:4.0 28/11/2017,37.8729,-122.2601,3.37,84.5,0,0
a23:28:4.984 28/11/2017,37.873,-122.2601,3.06,84.5,0,0
a23:28:6.0 28/11/2017,37.873,-122.2601,3.25,84.5,0,0
a23:28:8.0 28/11/2017,37.873,-122.2601,3.06,84.5,0,0
a23:28:8.984 28/11/2017,37.873,-122.26,3.26,84.5,0,0
a23:28:10.0 28/11/2017,37.873,-122.26,3.25,84.5,0,0
a23:28:12.0 28/11/2017,37.8731,-122.26,3.29,84.5,0,0
a23:28:12.984 28/11/2017,37.8731,-122.26,3.28,84.5,0,0
a23:28:14.0 28/11/2017,37.8731,-122.26,3.44,84.5,0,0
a23:28:16.0 28/11/2017,37.8731,-122.26,3.26,84.5,0,0
a23:28:16.984 28/11/2017,37.8731,-122.26,3.04,84.5,0,0
a23:28:18.0 28/11/2017,37.8732,-122.26,3.27,84.5,0,0
a23:28:20.0 28/11/2017,37.8732,-122.26,3.31,84.5,0,0
a23:28:20.984 28/11/2017,37.8732,-122.26,3.14,84.5,0,0
a23:28:22.0 28/11/2017,37.8732,-122.26,3.11,84.5,0,0
a23:28:24.0 28/11/2017,37.8732,-122.26,3.16,84.5,0,0
a23:28:24.984 28/11/2017,37.8733,-122.26,3.36,84.5,0,0
a23:28:26.0 28/11/2017,37.8733,-122.2599,3.27,84.5,0,0
aa23:28:28.0 28/11/2017,37.8733,-122.2599,2.52,84.5,0,0
a23:28:30.0 28/11/2017,37.8734,-122.2599,3.07,84.5,0,0
a23:28:31.0 28/11/2017,37.8734,-122.2599,2.69,84.5,0,0
a23:28:32.984 28/11/2017,37.8734,-122.2599,2.49,84.5,0,0
a23:28:34.0 28/11/2017,37.8734,-122.2599,2.97,84.5,0,0
a23:28:36.0 28/11/2017,37.8735,-122.2599,2.94,84.5,0,0
a23:28:36.984 28/11/2017,37.8735,-122.2599,3.15,84.5,0,0
a23:28:38.0 28/11/2017,37.8735,-122.2599,3.14,84.5,0,0
a23:28:40.0 28/11/2017,37.8735,-122.2599,2.31,84.5,0,0
a23:28:40.984 28/11/2017,37.8735,-122.2599,2.12,84.5,0,0
a23:28:44.0 28/11/2017,37.8736,-122.2599,2.12,85.8,1,0
a23:28:44.984 28/11/2017,37.8736,-122.2599,1.14,85.8,0,0
a23:28:47.0 28/11/2017,37.8736,-122.2599,1.47,85.8,1,0
a23:28:48.0 28/11/2017,37.8736,-122.2599,1.37,85.8,0,0
a23:28:48.984 28/11/2017,37.8736,-122.2599,1.58,85.8,0,0
a23:28:51.0 28/11/2017,37.8736,-122.2599,2.5,85.8,0,0
a23:28:52.0 28/11/2017,37.8736,-122.2599,2.6,85.8,0,0
a23:28:52.984 28/11/2017,37.8736,-122.2599,2.5,85.8,0,0
a23:28:55.0 28/11/2017,37.8736,-122.2599,2.54,85.8,0,0
aa23:28:58.0 28/11/2017,37.8737,-122.2599,2.62,85.8,1,0
a23:29:0.0 28/11/2017,37.8737,-122.2599,2.62,85.4,1,0
a23:29:0.984 28/11/2017,37.8737,-122.2599,2.51,85.4,0,0
a23:29:2.0 28/11/2017,37.8737,-122.2599,3.25,85.4,0,0
a23:29:3.0 28/11/2017,37.8737,-122.2599,3.06,85.4,0,0
a23:29:4.984 28/11/2017,37.8737,-122.2599,2.9,85.4,0,0
a23:29:6.0 28/11/2017,37.8738,-122.2599,3.44,85.4,0,0
a23:29:7.0 28/11/2017,37.8738,-122.2599,3.18,85.4,0,0
a23:29:8.984 28/11/2017,37.8738,-122.2599,2.67,85.4,0,0
a23:29:10.0 28/11/2017,37.8738,-122.2599,2.66,85.4,0,0
a23:29:11.0 28/11/2017,37.8738,-122.2599,2.78,85.4,0,0
a23:29:12.984 28/11/2017,37.8739,-122.2599,2.48,85.4,0,0
a23:29:15.0 28/11/2017,37.8739,-122.26,2.96,85.4,0,0
a23:29:16.0 28/11/2017,37.8739,-122.26,2.62,85.4,0,0
a23:29:16.984 28/11/2017,37.8739,-122.26,2.43,85.4,0,0
a23:29:19.0 28/11/2017,37.8739,-122.26,3.16,85.4,0,0
a23:29:20.0 28/11/2017,37.874,-122.26,2.43,85.4,0,0
a23:29:22.0 28/11/2017,37.874,-122.26,2.43,91.3,0,0
a23:29:23.0 28/11/2017,37.874,-122.26,1.28,91.3,0,0
a23:29:24.0 28/11/2017,37.874,-122.26,1.61,91.3,0,0
a23:29:26.0 28/11/2017,37.874,-122.26,1.61,92.6,0,0
a23:29:27.0 28/11/2017,37.874,-122.26,1.81,92.6,0,0
a23:29:28.0 28/11/2017,37.874,-122.26,2.02,92.6,0,0
a23:29:30.0 28/11/2017,37.8741,-122.26,2.06,92.6,0,0
a23:29:31.0 28/11/2017,37.8741,-122.26,1.88,92.6,0,0
a23:29:32.0 28/11/2017,37.8741,-122.26,1.99,92.6,0,0
a23:29:34.0 28/11/2017,37.8741,-122.26,2.13,92.6,0,0
a23:29:35.0 28/11/2017,37.8741,-122.26,2.41,92.6,0,0
a23:29:36.984 28/11/2017,37.8742,-122.26,2.08,92.6,0,0
a23:29:38.0 28/11/2017,37.8742,-122.26,3.3,92.6,0,0
a23:29:39.0 28/11/2017,37.8742,-122.26,2.72,92.6,0,0
a23:29:40.984 28/11/2017,37.8742,-122.26,3.26,92.6,0,0
a23:29:42.0 28/11/2017,37.8742,-122.26,2.58,92.6,0,0
a23:29:43.0 28/11/2017,37.8742,-122.26,3.26,92.6,0,0
a23:29:44.984 28/11/2017,37.8743,-122.26,2.47,92.6,0,0
a23:29:46.0 28/11/2017,37.8743,-122.26,2.66,92.6,0,0
a23:29:47.0 28/11/2017,37.8743,-122.26,2.62,92.6,0,0
a23:29:48.984 28/11/2017,37.8743,-122.26,2.45,92.6,0,0
a23:29:50.0 28/11/2017,37.8743,-122.2601,2.8,92.6,0,0
a23:29:51.0 28/11/2017,37.8744,-122.2601,2.9,92.6,0,0
a23:29:52.984 28/11/2017,37.8744,-122.26,2.77,92.6,0,0
a23:29:54.0 28/11/2017,37.8744,-122.2601,3.6,92.6,0,0
a23:29:55.0 28/11/2017,37.8744,-122.2601,3.03,92.6,0,0
a23:29:56.984 28/11/2017,37.8745,-122.2601,3.99,92.6,0,0
a23:29:58.0 28/11/2017,37.8745,-122.2601,3.63,92.6,0,0
a23:29:59.0 28/11/2017,37.8745,-122.2601,2.5,92.6,0,0
a23:30:0.0 28/11/2017,37.8745,-122.2601,1.79,92.6,0,0
a23:30:2.0 28/11/2017,37.8745,-122.26,2.65,92.6,0,0
a23:30:3.0 28/11/2017,37.8746,-122.26,3.4,92.6,0,0
a23:30:4.0 28/11/2017,37.8746,-122.26,3.28,92.6,0,0
a23:30:6.0 28/11/2017,37.8746,-122.26,3.27,92.6,0,0
a23:30:7.0 28/11/2017,37.8746,-122.26,2.84,92.6,0,0
a23:30:8.0 28/11/2017,37.8746,-122.26,3.26,92.6,0,0
a23:30:10.0 28/11/2017,37.8747,-122.26,3.66,92.6,0,0
a23:30:11.0 28/11/2017,37.8747,-122.2601,3.5,92.6,0,0
a23:30:12.984 28/11/2017,37.8747,-122.2601,3.75,92.6,0,0
a23:30:14.0 28/11/2017,37.8747,-122.2601,3.57,92.6,0,0
a23:30:15.0 28/11/2017,37.8748,-122.2601,3.55,92.6,0,0
a23:30:16.0 28/11/2017,37.8748,-122.2601,3.04,92.6,0,0
a23:30:18.0 28/11/2017,37.8748,-122.2601,2.98,92.6,0,0
a23:30:19.0 28/11/2017,37.8748,-122.2601,2.99,92.6,0,0
a23:30:20.984 28/11/2017,37.8749,-122.2601,2.99,94.2,0,0
a23:30:22.0 28/11/2017,37.8749,-122.2601,3.23,94.2,0,0
a23:30:23.0 28/11/2017,37.8749,-122.2601,2.93,94.2,0,0
a23:30:24.0 28/11/2017,37.8749,-122.2601,3.21,94.2,0,0
a23:30:26.0 28/11/2017,37.8749,-122.2601,2.74,94.2,0,0
a23:30:27.0 28/11/2017,37.8749,-122.2601,2.76,94.2,0,0
a23:30:28.984 28/11/2017,37.875,-122.2601,2.16,94.2,0,0
a23:30:30.0 28/11/2017,37.875,-122.2601,2,94.2,0,0
a23:30:31.0 28/11/2017,37.875,-122.2601,2.06,94.2,0,0
a23:30:32.984 28/11/2017,37.875,-122.2601,2.06,93.2,0,0
a23:30:34.0 28/11/2017,37.875,-122.2601,0.83,93.2,0,0
a23:30:35.0 28/11/2017,37.875,-122.2601,0.52,93.2,0,0
a23:30:36.984 28/11/2017,37.875,-122.2601,0.2,93.2,0,0
a23:30:38.0 28/11/2017,37.875,-122.2601,0.1,93.2,0,0
a23:30:39.0 28/11/2017,37.875,-122.2601,0.06,93.2,0,0
a23:30:40.984 28/11/2017,37.875,-122.2601,0.45,93.2,0,0
a23:30:42.0 28/11/2017,37.875,-122.2601,0.37,93.2,0,0
a23:30:43.0 28/11/2017,37.875,-122.2601,0.19,93.2,0,0
a23:30:44.984 28/11/2017,37.875,-122.2601,0.19,93.3,0,0
a23:30:47.0 28/11/2017,37.875,-122.2601,0.06,93.3,1,0
a23:30:48.0 28/11/2017,37.875,-122.2601,0.04,93.3,0,0
a23:30:48.984 28/11/2017,37.875,-122.2601,0.66,93.3,0,0
a23:30:51.0 28/11/2017,37.8751,-122.2601,2.27,93.3,0,0
a23:30:52.0 28/11/2017,37.8751,-122.2601,2.9,93.3,0,0
a23:30:52.984 28/11/2017,37.8751,-122.2601,2.83,93.3,0,0
a23:30:55.0 28/11/2017,37.8751,-122.2601,2.18,93.3,0,0
a23:30:56.0 28/11/2017,37.8751,-122.2601,1.92,93.3,0,0
a23:30:56.984 28/11/2017,37.8752,-122.2601,2.2,93.3,0,0
a23:30:59.0 28/11/2017,37.8752,-122.2601,3.66,93.3,0,0
a23:31:0.0 28/11/2017,37.8752,-122.2601,2.07,93.3,0,0
a23:31:0.984 28/11/2017,37.8752,-122.2601,2.63,93.3,0,0
a23:31:3.0 28/11/2017,37.8752,-122.26,2.89,93.3,0,0
a23:31:4.0 28/11/2017,37.8752,-122.26,2.73,93.3,0,0
a23:31:4.984 28/11/2017,37.8752,-122.26,2.95,93.3,0,0
a23:31:7.0 28/11/2017,37.8752,-122.26,2.74,93.3,0,0
a23:31:8.0 28/11/2017,37.8752,-122.2599,2.67,93.3,0,0
a23:31:8.984 28/11/2017,37.8752,-122.2599,2.34,93.3,0,0
a23:31:11.0 28/11/2017,37.8752,-122.2599,2.56,93.3,1,0
aa23:31:14.0 28/11/2017,37.8752,-122.2599,1.45,93.3,1,0
a23:31:16.0 28/11/2017,37.8752,-122.2598,1.92,93.3,1,0
a23:31:18.0 28/11/2017,37.8752,-122.2598,1.94,93.3,1,0
a23:31:19.0 28/11/2017,37.8752,-122.2598,1.89,93.3,0,0
a23:31:24.0 28/11/2017,37.8752,-122.2597,2.67,93.3,1,0
a23:31:24.984 28/11/2017,37.8752,-122.2597,2.91,93.3,0,0
a23:31:26.0 28/11/2017,37.8752,-122.2597,3.55,93.3,0,0
a23:31:28.0 28/11/2017,37.8752,-122.2596,2.9,93.3,0,0
a23:31:28.984 28/11/2017,37.8752,-122.2596,2.92,93.3,0,0
a23:31:30.0 28/11/2017,37.8752,-122.2596,2.85,93.3,0,0
a23:31:32.0 28/11/2017,37.8752,-122.2596,3.23,93.3,0,0
a23:31:32.984 28/11/2017,37.8752,-122.2595,2.9,93.3,0,0
a23:31:34.0 28/11/2017,37.8752,-122.2595,2.93,93.3,0,0
a23:31:36.0 28/11/2017,37.8752,-122.2595,2.89,93.3,0,0
a23:31:36.984 28/11/2017,37.8752,-122.2595,2.96,93.3,0,0
a23:31:38.0 28/11/2017,37.8752,-122.2594,2.9,93.3,0,0
a23:31:40.0 28/11/2017,37.8753,-122.2594,3.05,93.3,0,0
a23:31:40.984 28/11/2017,37.8753,-122.2594,2.9,93.3,0,0
a23:31:43.0 28/11/2017,37.8753,-122.2593,2.6,93.3,0,0
a23:31:44.0 28/11/2017,37.8753,-122.2593,3.42,93.3,0,0
a23:31:44.984 28/11/2017,37.8753,-122.2593,2.52,93.3,0,0
a23:31:47.0 28/11/2017,37.8753,-122.2593,2.65,93.3,0,0
a23:31:48.0 28/11/2017,37.8753,-122.2593,3.15,93.3,0,0
a23:31:48.984 28/11/2017,37.8753,-122.2593,3.1,93.3,0,0
a23:31:51.0 28/11/2017,37.8753,-122.2592,2.64,93.3,0,0
a23:31:52.0 28/11/2017,37.8753,-122.2592,2.79,93.3,0,0
a23:31:54.0 28/11/2017,37.8753,-122.2592,2.9,93.3,0,0
a23:31:55.0 28/11/2017,37.8753,-122.2592,2.79,93.3,0,0
a23:31:56.0 28/11/2017,37.8753,-122.2591,3.22,93.3,0,0
a23:31:58.0 28/11/2017,37.8753,-122.2591,3.21,93.3,0,0
a23:31:59.0 28/11/2017,37.8753,-122.2591,2.78,93.3,0,0
a23:32:0.0 28/11/2017,37.8753,-122.2591,3.04,93.3,0,0
a23:32:2.0 28/11/2017,37.8753,-122.259,1.44,93.3,0,0
a23:32:3.0 28/11/2017,37.8753,-122.259,1.68,93.3,0,0
a23:32:4.0 28/11/2017,37.8753,-122.259,1.83,93.3,0,0
a23:32:6.0 28/11/2017,37.8754,-122.259,2.17,93.3,0,0
a23:32:7.0 28/11/2017,37.8754,-122.259,2.35,93.3,0,0
a23:32:8.0 28/11/2017,37.8754,-122.259,2.57,93.3,0,0
a23:32:8.984 28/11/2017,37.8754,-122.259,2.34,93.3,0,0
a23:32:11.0 28/11/2017,37.8754,-122.259,2.77,93.3,0,0
a23:32:12.0 28/11/2017,37.8754,-122.259,1.94,93.3,0,0
a23:32:12.984 28/11/2017,37.8754,-122.259,1.28,93.3,0,0
a23:32:15.0 28/11/2017,37.8755,-122.259,2.48,93.3,0,0
a23:32:16.0 28/11/2017,37.8755,-122.259,1.92,93.3,0,0
a23:32:18.0 28/11/2017,37.8755,-122.259,1.92,108.6,0,0
a23:32:19.0 28/11/2017,37.8755,-122.259,2.34,108.6,0,0
a23:32:20.0 28/11/2017,37.8755,-122.259,2.51,108.6,0,0
a23:32:20.984 28/11/2017,37.8755,-122.259,2.36,108.6,0,0
a23:32:23.0 28/11/2017,37.8756,-122.259,2.23,108.6,0,0
a23:32:24.0 28/11/2017,37.8756,-122.259,2.15,108.6,0,0
a23:32:24.984 28/11/2017,37.8756,-122.259,2.13,108.6,0,0
a23:32:27.0 28/11/2017,37.8756,-122.259,2.21,108.6,0,0
a23:32:28.0 28/11/2017,37.8756,-122.259,2.06,108.6,0,0
a23:32:28.984 28/11/2017,37.8757,-122.259,2.31,108.6,0,0
a23:32:31.0 28/11/2017,37.8757,-122.259,1.95,108.6,0,0
a23:32:32.0 28/11/2017,37.8757,-122.259,1.93,108.6,0,0
a23:32:34.0 28/11/2017,37.8757,-122.259,1.93,115.8,0,0
a23:32:35.0 28/11/2017,37.8757,-122.259,2.27,115.8,0,0
a23:32:36.984 28/11/2017,37.8758,-122.259,1.81,115.8,1,0
a23:32:38.0 28/11/2017,37.8758,-122.259,1.78,115.8,0,0
a23:32:40.0 28/11/2017,37.8758,-122.2591,1.67,115.8,0,0
a23:32:40.984 28/11/2017,37.8758,-122.2591,1.28,115.8,0,0
a23:32:42.0 28/11/2017,37.8758,-122.2591,1.23,115.8,0,0
a23:32:44.0 28/11/2017,37.8758,-122.2591,1.23,117.7,0,0
a23:32:46.0 28/11/2017,37.8759,-122.2591,0.66,117.7,0,0
a23:32:47.0 28/11/2017,37.8759,-122.2591,0.66,118.3,1,0
a23:32:48.984 28/11/2017,37.8759,-122.2591,0.57,118.3,1,0
a23:32:51.0 28/11/2017,37.8759,-122.2591,0.69,118.3,1,0
a23:32:52.984 28/11/2017,37.8759,-122.2591,0.74,118.3,1,0
a23:32:54.0 28/11/2017,37.8759,-122.2591,0.74,119.7,0,0
aa23:32:56.984 28/11/2017,37.8759,-122.2591,0.77,119.7,0,0
a23:32:58.0 28/11/2017,37.8759,-122.2591,0.77,120.6,0,0
a23:33:0.0 28/11/2017,37.8759,-122.2591,0.79,120.6,1,0
a23:33:2.0 28/11/2017,37.8759,-122.2591,0.83,120.6,1,0
23:33:3.0 28/11/2017,0,-122.2591,0.83,120.6,0,0
aa23:33:6.0 28/11/2017,37.8759,-122.2591,0.86,120.6,1,0
a23:33:7.0 28/11/2017,37.8759,-122.2591,0.87,120.6,0,0
aa23:33:11.0 28/11/2017,37.876,-122.2591,0.96,120.6,1,0
a23:33:12.984 28/11/2017,37.876,-122.2591,0.97,120.6,0,0
a23:33:14.0 28/11/2017,37.876,-122.2591,0.97,124,1,0
23:33:14.0 28/11/2017,37.876,-122.2591,0.97,124,0,0
a23:33:18.0 28/11/2017,37.876,-122.2591,0.98,124,1,0
a23:33:20.0 28/11/2017,37.876,-122.2591,0.99,124,1,0
a23:33:20.984 28/11/2017,37.876,-122.2591,1,124,0,0
aaaaaaaaaaaaaaaaaaaaaaa23:34:0.0 28/11/2017,37.876,-122.2591,1.08,124,0,0
a23:34:0.984 28/11/2017,37.876,-122.2589,2.32,124,0,0
a23:34:3.0 28/11/2017,37.876,-122.2589,2.32,107.9,0,0
a23:34:4.0 28/11/2017,37.876,-122.2589,3.04,107.9,0,0
a23:34:4.984 28/11/2017,37.8759,-122.2589,2.43,107.9,0,0
a23:34:7.0 28/11/2017,37.8759,-122.2589,2.43,117.3,0,0
a23:34:8.0 28/11/2017,37.8759,-122.2588,3.1,117.3,0,0
a23:34:8.984 28/11/2017,37.8759,-122.2588,3.2,117.3,0,0
a23:34:11.0 28/11/2017,37.8759,-122.2588,3.2,115.4,0,0
a23:34:12.0 28/11/2017,37.876,-122.2588,2.67,115.4,0,0
a23:34:12.984 28/11/2017,37.876,-122.2588,2.84,115.4,0,0
a23:34:14.0 28/11/2017,37.876,-122.2587,2.76,115.4,0,0
a23:34:16.0 28/11/2017,37.876,-122.2587,2.62,115.4,0,0
a23:34:18.0 28/11/2017,37.876,-122.2587,2.5,115.4,0,0
a23:34:19.0 28/11/2017,37.876,-122.2587,2.16,115.4,0,0
a23:34:20.0 28/11/2017,37.876,-122.2587,1.85,115.4,0,0
a23:34:22.0 28/11/2017,37.876,-122.2586,2.63,115.4,0,0
a23:34:23.0 28/11/2017,37.876,-122.2586,2.83,115.4,0,0
a23:34:24.984 28/11/2017,37.876,-122.2586,2.83,115.6,0,0
a23:34:26.0 28/11/2017,37.876,-122.2586,3.01,115.6,0,0
a23:34:27.0 28/11/2017,37.876,-122.2586,2.71,115.6,0,0
a23:34:28.0 28/11/2017,37.876,-122.2586,3.39,115.6,0,0
a23:34:30.0 28/11/2017,37.876,-122.2586,2.09,115.6,0,0
a23:34:31.0 28/11/2017,37.8761,-122.2586,2.46,115.6,0,0
a23:34:32.0 28/11/2017,37.8761,-122.2586,2.67,115.6,0,0
a23:34:34.0 28/11/2017,37.8761,-122.2586,1.78,115.6,0,0
a23:34:36.984 28/11/2017,37.8761,-122.2586,0.36,115.6,1,0
a23:34:39.0 28/11/2017,37.8761,-122.2586,0.49,115.6,1,0
a23:34:40.984 28/11/2017,37.8761,-122.2586,0.49,115.6,1,0
a23:34:43.0 28/11/2017,37.8761,-122.2586,0.47,115.6,1,0
a23:34:44.0 28/11/2017,37.8761,-122.2586,0.44,115.6,0,0
a23:34:44.984 28/11/2017,37.8761,-122.2586,0.38,115.6,0,0
a23:34:47.0 28/11/2017,37.8761,-122.2586,0.4,115.6,0,0
aa23:34:50.0 28/11/2017,37.8761,-122.2586,0.31,115.6,1,0
aa23:34:54.0 28/11/2017,37.8761,-122.2586,0.28,113,1,0
a23:34:56.0 28/11/2017,37.8761,-122.2586,0.31,113,1,0
a23:34:58.0 28/11/2017,37.8761,-122.2586,0.39,113,1,0
aa23:35:0.0 0/2/2081,37.8761,-122.2586,0.38,113,1,0
a23:35:2.0 28/11/2017,37.8761,-122.2586,0.33,113,1,0
a23:35:4.0 28/11/2017,37.8761,-122.2586,0.23,113,1,0
a23:35:4.984 28/11/2017,37.8761,-122.2586,0.17,113,0,0
a23:35:7.0 28/11/2017,37.8761,-122.2586,0.17,113,1,0
a23:35:10.0 28/11/2017,37.8761,-122.2586,0.32,113,1,1
a23:35:11.0 28/11/2017,37.8761,-122.2586,0.36,113,0,1
a23:35:12.0 28/11/2017,37.8761,-122.2586,0.36,113,0,1
aa23:35:14.0 28/11/2017,37.8761,-122.2586,0.3,113,0,0
a23:35:15.0 28/11/2017,37.8761,-122.2586,0.3,113,0,0
a23:35:16.0 28/11/2017,37.8761,-122.2586,0.18,113,0,0
a23:35:16.984 28/11/2017,37.8761,-122.2586,0.21,113,0,0
a23:35:18.0 28/11/2017,37.8761,-122.2586,0.21,113,0,0
aa23:35:20.984 28/11/2017,37.8761,-122.2586,0.16,113,1,0
a23:35:22.0 28/11/2017,37.8761,-122.2586,0.05,113,0,0
a23:35:23.0 28/11/2017,37.8761,-122.2586,0.18,113,0,0
aa23:35:24.984 28/11/2017,37.8761,-122.2586,0.18,113,0,1
a23:35:26.0 28/11/2017,37.8761,-122.2586,0.42,113,0,0
a23:35:27.0 28/11/2017,37.8761,-122.2586,0.37,113,0,0
a23:35:30.0 28/11/2017,37.8761,-122.2586,0.39,113,0,0
a,,,,,,